epoch,loss,val_loss
0,5.4456935774760655,4.409522808299345
1,3.5839256709315626,3.899972281736486
2,3.11293994544683,3.855846736010383
3,2.8644521431022723,3.8843501091003416
4,2.7265015619064967,3.951695363661822
